metric,stat,Noisy,Demuc,FullSubNet
PESQ,mean,1.5822388116518658,2.6447136028607687,2.888520136674245
PESQ,std,0.4575688816080878,0.6332441304319291,0.6719238513552183
STOI,mean,0.9151854128107001,0.9652300977103693,0.9641170786217659
STOI,std,0.06469807138793347,0.03281848008511693,0.03495959821144643
fwSNRSeg,mean,12.623370182722722,17.134818648930548,16.96169294670584
fwSNRSeg,std,4.998137139498169,3.754918061795467,4.383322869281117
