,metric,stat,Noisy,Demuc,FullSubNet
0,PESQ,mean,1.5862536185408291,2.65002129747443,2.89788360546713
1,PESQ,std,0.4547039549702406,0.631431597157704,0.6708797269917554
2,STOI,mean,0.9154262506940076,0.9649541328487804,0.9640446491435208
3,STOI,std,0.0651082974161746,0.0331713704414366,0.0353444418165761
4,fwSNRSeg,mean,12.6104762128368,17.113371342634686,16.93949485229241
5,fwSNRSeg,std,4.982360034907776,3.767216847397699,4.395788353870134
